id,name
0,Ryley Wilkinson
1,Joshua Fadel
2,Sincere Kuhlman
3,Harry Stark
4,Stephania Terry
5,Micheal Okuneva
6,Kiana Runolfsdottir
7,Chelsey Lang
8,Rubie Schmeler
9,Hilbert Crooks
10,Lelah Hoppe
11,Matteo Schroeder
12,Omari Cronin
13,Danielle Kub Sr.
14,Kareem Tremblay
15,Laura Cormier
16,Mike Kertzmann
17,Rafael Hackett
18,Christop Lind V
19,Jerel Heidenreich
20,Bertha Kassulke
21,Mariah Botsford DVM
22,Kennedy Gutkowski
23,Cullen Hammes
24,Orie Ryan
25,Jedidiah Lueilwitz
26,Madisen Johnson
27,Winona Parker DDS
28,Edd Nikolaus DDS
29,Terry Kunde II
30,Bobby Bailey Sr.
31,Christelle Steuber PhD
32,Guy Walter
33,Else Bailey
34,Kristopher Ward
35,Mekhi Hackett
36,Lela Grimes
37,Adrien Rosenbaum
38,Helmer Spencer
39,Rhiannon Waelchi
40,Mallory Bergstrom
41,Mabel Price
42,Lydia White
43,Martin Armstrong
44,Ila Purdy
45,Laurianne Schumm
46,Garrison Watsica
47,Christiana Littel
48,Brooklyn Jacobs Jr.
49,Maida Hansen
50,Sophie Beatty IV
51,Mr. Blair Dickinson
52,Eugenia Nolan Jr.
53,Rosalia Nitzsche
54,Bonnie Grimes IV
55,Adelbert Nitzsche
56,Richard Grady
57,Kathryne Turcotte
58,Lindsey Fay DVM
59,Meda Renner
60,Annalise Murray
61,Price Dach
62,Gabriella Rogahn Jr.
63,Mrs. Bailee Stanton
64,Alia Sawayn
65,Asha Tremblay V
66,Kristofer Kuhlman IV
67,Emmet Emmerich
68,Ashlee Bins II
69,Dr. Alejandra Torp
70,Rogers Kilback Jr.
71,Koby Mayer
72,Harmony Hickle
73,Cornell Cormier
74,Jamey Schultz
75,Karson Weber
76,Kevon Lind
77,Raoul Beier V
78,Miss Kiley Bernhard
79,Mr. Ransom Gislason
80,Kurt Rutherford
81,Karolann Keebler
82,Ebony Considine
83,Lindsey Bins
84,Zora Runolfsdottir Jr.
85,Mr. Elza Effertz
86,Mina Brakus II
87,Marques Hodkiewicz
88,Hermina Zulauf
89,Mrs. Zoey Altenwerth
90,Mrs. Watson Yundt
91,Colleen Smitham
92,Herminio Kshlerin
93,Bobby Monahan MD
94,Wendell Rempel
95,Lester Price IV
96,Miss Linnea Bashirian
97,Laurence Schulist
98,Adelbert Beer
99,Lura Legros
